horas_estudio,dificultad,repasos_previos,calidad_estudio,calificacion
0.72,1,2,0.78,32.49
4.41,2,0,0.563,36.77
2.44,2,2,0.562,35.71
9.97,1,0,0.344,40.24
9.33,3,2,0.592,48.6
8.12,2,4,0.405,62.66
3.31,1,5,0.899,76.26
9.54,1,1,0.534,60.4
0.78,2,1,0.973,31.07
2.29,2,4,0.779,52.02
6.36,5,5,0.829,63.62
8.03,4,1,0.963,56.84
8.89,4,5,0.467,60.8
3.35,4,1,0.697,27.2
4.21,5,3,0.329,25.28
4.82,2,1,0.371,32.76
0.76,1,1,0.557,30.39
8.71,3,5,0.778,80.54
3.71,1,2,0.882,59.33
2.39,2,0,0.479,20.79
4.39,4,4,0.824,55.2
7.25,3,0,0.457,30.72
8.77,4,0,0.304,11.64
2.55,3,5,0.338,44.74
2.14,3,2,0.71,35.65
9.47,2,0,0.648,47.58
5.73,2,5,0.489,66.18
3.97,2,1,0.305,36.0
2.39,4,3,0.698,36.42
9.95,5,1,0.872,48.65
7.33,1,3,0.348,50.2
2.57,3,4,0.816,50.79
1.37,3,4,0.744,38.87
2.39,3,2,0.636,33.47
2.85,2,3,0.334,39.49
1.56,1,5,0.946,72.84
2.68,2,5,0.634,60.35
1.61,1,4,0.58,55.65
4.09,1,2,0.903,61.93
5.12,2,3,0.892,65.26
4.83,4,5,0.809,62.85
8.38,5,1,0.881,43.11
2.91,4,4,0.387,33.89
8.93,1,4,0.833,83.07
9.13,2,2,0.53,61.73
9.62,2,5,0.907,86.31
2.22,2,2,0.559,38.02
2.83,5,5,0.338,30.08
6.43,4,3,0.59,47.75
1.84,3,0,0.83,25.49
1.31,3,4,0.651,42.13
1.2,2,4,0.835,53.65
6.26,3,1,0.325,23.66
8.14,4,4,0.424,41.98
2.96,5,3,0.695,32.7
9.37,3,5,0.57,71.63
8.02,1,1,0.776,59.71
1.24,5,1,0.974,15.41
4.37,2,0,0.762,40.6
1.15,1,4,0.592,51.4
9.19,3,5,0.68,72.54
7.56,4,4,0.939,68.82
7.02,2,2,0.771,60.94
6.99,2,5,0.862,79.6
3.21,2,1,0.511,30.68
9.37,5,4,0.821,68.34
9.27,5,3,0.398,31.66
7.53,5,5,0.825,62.26
4.95,2,5,0.917,78.47
0.95,5,2,0.93,19.66
0.77,2,0,0.382,12.34
1.81,5,0,0.881,18.59
6.16,5,4,0.377,31.62
8.08,4,2,0.635,41.18
9.51,5,0,0.778,37.33
2.17,1,4,0.639,57.38
3.12,4,3,0.538,32.42
1.01,1,0,0.779,23.06
9.9,4,4,0.763,68.74
7.92,2,3,0.708,62.3
5.07,5,5,0.67,51.55
5.97,3,5,0.794,72.42
5.84,4,5,0.582,58.12
2.92,2,5,0.348,54.72
2.26,1,4,0.676,60.68
3.32,4,4,0.806,51.22
2.85,2,3,0.509,47.7
5.8,4,4,0.399,39.44
3.43,3,5,0.938,64.18
7.42,5,0,0.905,36.12
5.9,2,0,0.733,43.86
5.56,3,2,0.851,50.84
9.54,4,1,0.978,68.82
3.56,4,3,0.698,39.5
6.54,1,1,0.471,50.14
0.5,4,4,0.747,28.98
7.5,3,5,0.94,74.22
5.27,5,1,0.783,27.78
2.48,4,4,0.318,34.1
0.51,4,0,0.942,9.08
7.22,2,4,0.828,70.29
6.8,2,4,0.581,61.88
6.82,4,4,0.991,68.4
4.66,1,2,0.805,65.59
6.57,3,0,0.878,40.75
5.93,5,5,0.96,62.6
2.77,5,0,0.328,8.78
5.43,4,2,0.842,50.92
5.39,3,1,0.57,39.03
8.32,5,5,0.908,69.03
4.62,1,3,0.915,75.28
4.64,4,3,0.88,52.14
9.85,1,1,0.845,75.02
9.0,4,4,0.856,72.29
2.8,2,1,0.508,28.21
9.15,4,4,0.585,59.23
1.81,4,5,0.381,40.17
8.61,5,1,0.881,47.76
2.24,4,4,0.752,39.25
4.54,5,1,0.729,25.42
9.85,1,5,0.472,73.64
1.42,2,5,0.731,49.94
8.48,3,1,0.618,48.58
5.2,1,1,0.997,69.2
1.55,1,0,0.904,35.85
9.55,1,4,0.668,82.35
5.72,4,5,0.866,68.49
8.87,3,0,0.415,33.81
8.76,4,4,0.371,42.76
0.64,5,4,0.741,23.72
3.02,1,2,0.809,52.33
3.7,5,1,0.337,13.3
5.58,2,3,0.441,48.82
1.18,3,3,0.676,27.9
4.2,5,4,0.344,23.36
8.24,2,3,0.597,71.23
2.15,5,0,0.637,15.36
7.16,3,1,0.945,62.72
4.87,1,2,0.521,53.4
1.17,5,2,0.418,11.68
2.19,1,2,0.305,38.65
1.84,4,5,0.385,35.07
6.39,3,1,0.826,44.28
1.33,1,4,0.611,55.73
8.32,3,2,0.439,41.08
8.16,2,5,0.953,86.22
1.26,1,5,0.851,64.8
8.94,3,4,0.38,47.59
9.61,1,4,0.488,74.49
0.91,3,3,0.895,31.55
9.53,2,3,0.785,77.4
3.15,5,3,0.962,38.53
6.82,5,0,0.353,10.28
2.16,5,5,0.843,40.26
8.27,5,5,0.353,49.31
8.5,1,3,0.536,70.85
9.79,3,5,0.825,77.58
9.93,2,2,0.798,73.86
1.22,1,0,0.301,22.59
6.75,2,5,0.441,62.64
3.09,3,3,0.845,48.47
1.69,2,5,0.388,47.99
1.91,1,1,0.528,34.67
9.4,3,2,0.429,44.04
6.99,1,4,0.378,60.0
0.98,1,0,0.886,27.93
9.85,3,5,0.343,56.0
8.17,1,3,0.675,73.5
3.44,5,1,0.785,26.65
4.97,5,4,0.34,36.8
7.4,5,5,0.743,64.38
6.92,1,2,0.534,64.41
4.9,3,3,0.883,58.0
5.37,5,4,0.858,58.18
0.91,3,0,0.856,12.94
5.26,2,3,0.579,60.44
3.73,5,3,0.876,40.42
3.21,2,1,0.741,33.58
3.06,5,1,0.565,21.18
6.66,1,3,0.356,55.7
4.58,4,4,0.347,30.74
4.55,1,2,0.476,47.36
2.01,5,0,0.51,10.72
9.64,2,4,0.949,83.62
2.63,1,1,1.0,51.2
4.36,5,0,0.401,10.68
2.31,5,1,0.96,23.52
7.18,5,4,0.795,55.18
4.64,3,4,0.649,56.08
4.43,1,1,0.968,59.6
8.81,2,3,0.8,77.86
7.72,1,5,0.716,82.37
5.44,1,4,0.447,63.24
4.95,1,4,0.471,65.77
9.62,3,0,0.938,66.73
9.59,4,1,0.451,35.89
7.2,3,0,0.323,24.08
7.72,2,5,0.486,70.42
9.04,4,2,0.636,43.96
9.66,2,2,0.567,54.83
1.28,3,3,0.955,29.65
9.97,5,3,0.593,48.78
7.18,1,0,0.922,65.58
6.13,5,5,0.716,53.98
4.43,2,2,0.667,43.61
3.7,4,5,0.412,39.8
8.14,2,4,0.49,65.17
6.72,1,4,0.907,79.02
2.41,3,4,0.846,50.48
6.29,2,5,0.613,71.34
1.84,3,1,0.936,28.42
5.22,2,1,0.873,53.24
6.04,5,4,0.378,33.54
6.54,4,1,0.724,37.33
1.88,5,4,0.859,40.43
1.41,4,0,0.866,13.28
2.96,4,5,0.364,36.7
6.27,1,2,0.457,51.15
9.35,3,0,0.589,36.28
7.9,5,3,0.476,36.76
7.58,1,1,0.376,42.48
3.64,3,1,0.74,33.47
1.56,1,2,0.655,42.62
8.97,4,3,0.408,39.07
5.26,5,0,0.71,24.89
1.45,1,0,0.343,29.22
5.58,5,2,0.568,24.89
6.92,2,2,0.855,67.53
3.54,5,3,0.923,39.28
0.59,1,4,0.472,49.02
6.41,1,3,0.902,77.24
0.88,4,0,0.924,13.82
4.61,4,5,0.725,55.22
8.34,1,4,0.988,88.76
9.99,1,0,0.472,54.76
4.02,2,4,0.348,52.56
0.69,1,5,0.89,60.54
5.18,4,3,0.644,43.38
3.12,4,4,0.543,38.88
8.98,4,5,0.339,49.12
7.26,3,5,0.345,50.04
4.34,4,5,0.364,40.64
7.74,3,1,0.429,33.64
3.74,4,0,0.979,31.05
5.46,3,3,0.497,48.15
9.27,4,4,0.872,74.12
2.4,4,3,0.314,22.6
3.47,4,1,0.525,20.68
8.91,5,5,0.934,65.88
4.89,2,2,0.43,39.49
3.52,5,4,0.499,32.88
0.85,1,3,0.879,47.14
4.48,3,5,0.385,50.74
5.26,3,4,0.337,44.96
4.36,5,3,0.976,43.24
3.14,1,5,0.583,69.44
4.01,2,0,0.761,38.35
6.6,3,4,0.389,47.66
8.97,5,3,0.454,41.46
6.67,3,4,0.622,60.14
6.64,4,1,0.773,38.74
8.26,1,3,0.505,63.84
2.07,5,1,0.919,23.54
3.36,4,0,0.847,26.17
0.98,1,3,0.686,47.46
3.82,4,0,0.621,18.27
9.99,1,0,0.734,69.65
3.63,3,3,0.812,48.24
8.67,4,5,0.394,50.99
1.31,5,4,0.897,29.64
4.87,1,0,0.643,46.42
3.84,2,0,0.955,42.46
2.42,4,2,0.969,32.8
4.04,2,2,0.322,31.68
6.69,4,0,0.569,27.04
5.16,1,1,0.668,54.65
8.52,1,0,0.678,54.78
9.1,3,3,0.876,70.84
5.08,4,3,0.399,36.52
9.83,2,2,0.736,68.42
1.18,5,3,0.96,25.22
3.13,5,1,0.998,30.12
4.46,1,5,0.307,60.98
6.04,2,0,0.981,54.1
5.69,3,3,0.386,34.11
5.9,3,1,0.676,46.57
9.01,2,2,0.472,46.85
3.14,3,3,0.724,46.06
8.26,5,3,0.326,23.42
5.8,2,5,0.467,66.82
5.16,2,3,0.51,49.48
3.34,4,1,0.941,28.27
3.39,3,3,0.709,45.8
4.19,4,3,0.796,48.11
7.75,4,5,0.773,70.68
5.03,4,3,0.575,40.01
1.96,4,5,0.31,31.78
7.72,4,3,0.375,35.97
6.8,3,3,0.621,50.02
9.52,3,1,0.959,71.46
5.53,2,1,0.474,34.22
6.72,3,0,0.789,40.68
5.05,4,3,0.879,49.38
6.97,4,5,0.935,68.22
4.64,4,0,0.505,15.22
1.81,2,5,0.952,63.08
9.87,4,5,0.726,70.18
7.34,3,2,0.656,52.36
6.28,2,1,0.845,59.42
5.07,1,3,0.467,59.63
7.26,2,5,0.869,79.1
1.7,4,0,0.755,19.26
3.6,2,2,0.86,55.78
1.68,1,0,0.899,34.16
1.7,2,3,0.732,46.88
0.7,5,0,0.326,1.9
7.68,1,1,0.508,48.64
2.66,1,4,0.915,72.5
8.4,3,4,0.739,71.49
9.09,2,1,0.923,73.08
2.1,5,3,0.569,24.22
7.23,2,1,0.653,53.76
4.87,3,3,0.904,60.82
9.23,2,0,0.833,57.02
5.1,2,4,0.564,56.49
4.1,2,0,0.316,29.66
3.3,2,3,0.916,53.01
9.08,4,2,0.85,58.54
2.65,4,1,0.614,30.72
8.36,1,3,0.682,78.04
2.34,3,0,0.443,17.05
6.61,2,3,0.588,57.34
4.79,5,3,0.414,24.71
1.49,1,2,0.447,38.72
1.7,3,2,0.892,32.12
3.17,2,2,0.554,43.66
7.78,2,5,0.87,74.88
7.42,5,4,0.632,45.9
2.45,3,0,0.35,17.52
5.02,2,1,0.553,47.25
1.42,5,0,0.411,7.62
7.3,4,1,0.786,47.18
8.04,1,4,0.938,80.26
8.99,3,5,0.834,71.8
8.91,3,2,0.845,66.48
3.71,3,4,0.903,59.2
2.92,2,2,0.844,48.28
9.02,5,2,0.698,42.89
1.89,5,4,0.8,32.29
1.06,1,1,0.591,28.02
3.49,5,1,0.35,13.5
7.72,5,0,0.794,33.24
7.09,2,1,0.805,57.0
9.88,3,0,0.457,36.07
3.92,1,4,0.968,76.3
3.12,2,5,0.337,51.0
4.09,2,2,0.815,55.6
7.93,5,3,0.978,60.63
2.54,1,1,0.516,33.34
9.5,2,0,0.939,74.38
5.37,3,3,0.879,62.64
7.94,5,0,0.821,37.39
8.36,5,5,0.968,71.63
5.05,5,1,0.758,27.67
7.54,2,4,0.646,72.8
3.96,2,1,0.773,49.58
8.2,3,0,0.588,37.0
8.33,2,3,0.527,57.26
5.88,1,1,0.358,38.35
2.57,5,2,0.565,21.32
9.72,1,1,0.862,80.7
9.5,1,5,0.962,89.16
6.39,5,3,0.983,47.6
9.85,4,4,0.445,48.99
5.28,4,3,0.7,44.16
4.07,1,5,0.703,75.67
4.87,2,2,0.423,42.34
0.94,2,5,0.707,51.36
5.72,4,5,0.554,51.14
6.83,3,5,0.96,73.0
1.54,2,4,0.479,45.65
2.93,4,5,0.884,49.02
7.35,4,4,0.928,69.87
8.04,4,1,0.815,44.43
9.87,1,0,0.45,49.82
2.91,4,1,0.482,20.07
8.49,2,3,0.98,77.66
2.13,2,0,0.353,21.25
1.74,5,1,0.382,11.71
7.43,3,3,0.985,70.12
4.74,4,1,0.844,37.08
8.04,2,4,0.822,78.69
3.18,5,5,0.412,32.17
2.53,2,0,0.642,28.56
5.71,1,3,0.889,68.43
1.6,2,4,0.53,38.89
3.15,1,0,0.435,31.58
2.08,3,4,0.308,37.35
3.54,1,3,0.736,58.9
7.77,2,3,0.506,56.68
1.65,4,0,0.905,21.74
6.31,1,2,0.498,49.52
6.06,3,2,0.406,33.65
5.61,4,0,0.972,36.66
5.1,3,4,0.975,69.95
6.81,1,3,0.78,74.73
8.59,1,5,0.95,89.78
2.04,5,0,0.413,8.4
8.23,4,4,0.622,57.18
1.08,2,3,0.443,35.28
5.08,5,3,0.635,34.69
5.36,1,1,0.854,60.15
2.38,1,4,0.891,64.44
1.35,5,1,0.303,4.05
1.21,4,4,0.573,33.68
0.85,3,2,0.996,31.5
5.95,2,2,0.713,56.52
1.98,5,3,0.507,20.99
8.18,4,0,0.572,25.95
9.04,3,2,0.526,49.12
3.28,2,1,0.613,34.72
2.06,2,5,0.611,58.32
4.39,3,2,0.655,41.5
8.87,4,0,0.625,28.46
4.3,5,0,0.661,19.2
1.53,3,5,0.32,36.64
9.85,2,0,0.338,32.1
5.25,3,0,0.56,25.55
3.75,3,1,0.919,42.54
8.99,2,1,0.854,71.87
9.31,1,0,0.377,43.08
5.22,2,5,0.646,65.68
3.41,1,0,0.723,37.21
5.09,1,4,0.637,65.5
2.58,5,5,0.788,44.1
5.04,4,3,0.998,51.16
2.68,1,0,0.368,32.06
6.41,2,4,0.661,67.45
7.72,2,1,0.659,51.32
9.71,5,2,0.694,40.56
8.5,3,1,0.417,32.88
1.32,2,4,0.747,46.64
2.51,4,3,0.331,25.48
5.55,3,0,0.819,36.75
2.95,1,2,0.764,58.22
0.64,2,4,0.531,41.76
7.67,1,5,0.992,86.99
3.9,4,5,0.88,57.51
1.13,5,0,0.678,9.4
5.33,5,5,0.993,62.07
9.78,2,3,0.881,80.34
6.95,3,4,0.397,52.74
2.01,1,2,0.714,53.8
5.39,2,3,0.707,62.53
9.07,1,1,0.757,63.55
1.02,4,3,0.959,26.78
6.56,5,1,0.644,27.24
7.35,1,2,0.354,54.66
7.19,4,2,0.636,41.82
1.93,3,5,0.851,55.34
9.12,3,3,0.551,48.72
3.56,4,3,0.319,23.68
0.99,4,1,0.512,12.73
1.29,2,2,0.778,34.28
4.85,4,2,0.36,23.43
0.88,4,4,0.563,29.56
7.91,2,1,0.393,35.32
8.73,4,0,0.633,32.45
0.63,4,3,0.399,19.36
8.2,1,4,0.376,62.96
9.82,1,4,0.788,83.38
0.79,2,4,0.411,42.59
7.39,1,2,0.408,52.68
9.99,3,1,0.715,57.88
8.07,3,3,0.331,41.24
5.3,4,0,0.323,12.66
8.91,1,5,0.602,79.31
7.23,3,4,0.556,56.36
3.28,4,3,0.681,36.82
2.63,3,1,0.995,38.56
5.37,5,1,0.604,22.6
4.04,2,5,0.703,68.04
3.63,3,0,0.943,34.08
2.19,1,0,0.638,35.68
8.53,3,2,0.847,61.5
7.2,1,1,0.684,52.94
3.65,5,4,0.746,43.63
2.76,2,0,0.953,35.49
1.72,5,4,0.3,26.15
1.57,1,4,0.931,65.32
6.44,2,1,0.648,47.54
1.53,1,3,0.725,48.34
9.62,2,4,0.615,72.19
3.15,4,5,0.483,45.79
0.75,3,4,0.346,33.26
8.63,4,5,0.962,76.14
3.99,5,0,0.737,20.46
3.76,1,3,0.911,69.82
1.63,3,4,0.504,35.46
6.77,3,1,0.495,33.76
3.91,3,1,0.535,34.63
8.32,1,0,0.462,39.91
6.49,2,5,0.649,69.91
8.86,2,5,0.955,85.63
6.41,4,0,0.913,41.36
7.9,5,1,0.647,33.43
7.12,2,2,0.544,52.16
4.89,3,5,0.728,64.41
7.04,2,4,0.729,73.54
6.8,1,5,0.779,77.5
0.56,2,4,0.675,44.04
7.14,2,3,0.319,44.94
2.99,1,1,0.353,32.74
5.65,4,3,0.982,57.22
1.56,2,2,0.822,37.67
0.72,2,5,0.964,50.14
0.64,2,2,0.538,25.43
2.0,5,4,0.674,28.88
0.69,4,1,0.525,10.32
1.76,3,4,0.936,47.94
5.81,5,2,0.501,27.71
4.3,1,2,0.786,57.4
9.82,2,4,0.423,63.08
8.18,3,2,0.374,38.05
1.89,3,0,0.409,10.76
4.46,4,2,0.671,37.54
4.59,4,5,0.891,64.52
3.94,3,5,0.999,64.39
5.21,5,3,0.736,35.49
6.86,5,3,0.674,48.15
6.59,3,1,0.851,43.17
3.89,5,4,0.345,27.65
7.2,4,3,0.867,62.46
3.25,1,0,0.831,42.1
8.44,1,5,0.671,79.15
9.66,1,5,0.316,68.46
3.3,2,0,0.442,24.62
7.95,2,2,0.559,62.04
8.23,1,4,0.959,84.46
5.16,4,4,0.747,56.03
1.33,3,1,0.657,19.58
7.97,4,0,0.642,34.87
4.37,3,5,0.846,67.38
2.48,2,5,0.527,55.24
6.45,4,4,0.366,42.08
4.65,5,3,0.774,42.92
1.33,2,4,0.53,47.22
9.84,2,2,0.528,55.69
2.82,3,4,0.618,44.65
5.35,5,1,0.47,21.35
6.84,3,0,0.945,50.63
1.59,5,1,0.893,21.26
7.52,1,1,0.994,76.77
6.66,1,1,0.975,70.44
5.19,3,2,0.52,39.06
5.52,2,0,0.566,38.26
9.57,1,2,0.789,78.22
9.15,2,2,0.311,41.36
1.56,2,1,0.996,39.72
4.0,5,2,0.308,14.42
5.41,4,4,0.672,57.18
9.24,2,2,0.768,76.18
8.26,5,0,0.94,44.45
4.17,5,4,0.751,49.02
8.92,2,3,0.718,72.02
4.09,3,2,0.51,36.67
3.08,5,0,0.714,16.89
6.29,3,0,0.825,37.17
3.88,2,0,0.661,34.7
6.41,5,5,0.846,64.64
4.39,4,1,0.349,16.32
8.06,3,2,0.535,42.84
9.57,5,4,0.972,71.26
3.07,4,3,0.526,33.33
5.35,2,0,0.735,38.33
7.38,3,5,0.664,70.94
2.01,1,1,0.956,44.27
8.06,1,4,0.414,67.35
6.04,5,4,0.51,39.5
1.92,1,3,0.904,62.21
8.75,5,0,0.766,32.78
4.55,2,3,0.68,59.49
2.18,3,1,0.576,25.3
2.36,4,5,0.588,45.58
7.96,5,4,0.954,64.41
9.39,2,4,0.77,74.9
4.09,5,4,0.95,47.29
1.25,3,1,0.981,27.48
1.46,5,0,0.683,8.62
6.72,1,3,0.727,70.74
4.02,2,3,0.759,50.52
4.55,4,5,0.887,65.04
3.7,4,3,0.761,39.2
4.92,5,4,0.38,31.82
6.61,2,2,0.96,69.74
5.64,4,0,0.763,26.9
2.06,4,0,0.909,21.28
5.17,5,2,0.597,31.52
4.88,1,0,0.632,43.67
5.68,1,3,0.782,73.47
1.55,3,2,0.843,26.86
1.96,1,1,0.355,30.88
5.54,1,3,0.585,60.46
3.12,3,4,0.839,56.45
6.48,2,0,0.995,53.83
4.04,2,2,0.308,36.75
2.6,2,5,0.485,51.5
6.74,4,1,0.625,31.12
4.24,2,4,0.456,53.02
2.0,4,2,0.319,16.34
8.18,1,1,0.678,60.04
4.6,1,5,0.755,78.44
9.19,1,2,0.591,67.22
2.34,5,5,0.559,35.44
8.83,2,3,0.99,77.64
8.25,1,4,0.634,77.4
1.49,2,4,0.859,49.31
5.55,4,5,0.501,48.76
6.71,2,3,0.881,69.88
5.21,2,5,0.877,78.0
4.21,1,0,0.487,36.11
9.47,4,2,0.759,48.22
7.16,2,2,0.777,62.4
9.68,1,0,0.61,55.34
8.54,4,5,0.842,72.74
8.26,5,4,0.515,44.8
7.39,4,4,0.639,55.88
6.64,5,3,0.993,59.13
8.93,3,3,0.425,49.14
6.33,3,2,0.403,33.93
1.22,2,4,0.4,40.34
6.03,3,5,0.999,77.07
1.48,5,1,0.412,11.18
9.52,4,2,0.433,41.64
6.64,1,0,0.786,62.37
5.78,3,5,0.832,69.26
2.38,2,3,0.669,42.32
5.4,3,3,0.988,65.74
3.75,3,1,0.327,27.41
6.92,3,0,0.735,43.66
6.24,5,4,0.725,54.9
5.24,5,5,0.525,43.86
2.9,5,2,0.93,33.93
5.49,4,4,0.687,51.38
4.89,2,3,0.472,47.1
8.59,1,3,0.362,58.4
9.0,5,1,0.375,17.8
7.71,5,3,0.928,59.48
3.54,1,0,0.475,28.57
0.86,2,1,0.935,22.5
9.29,4,2,0.384,32.6
9.92,1,1,0.989,82.44
1.71,1,5,0.883,68.3
7.01,5,0,0.381,17.76
4.54,1,5,0.36,67.92
1.91,2,0,0.862,23.85
9.98,5,5,0.355,46.86
9.37,1,2,0.484,65.06
9.83,4,5,0.861,74.71
1.87,3,3,0.935,46.57
5.17,3,2,0.837,53.32
9.01,5,0,0.923,44.82
6.91,1,2,0.692,63.49
4.63,1,3,0.846,75.53
5.41,1,5,0.541,72.6
0.87,3,1,0.85,21.03
6.31,5,0,0.776,26.45
8.67,1,1,0.702,60.05
0.53,3,1,0.995,18.99
2.02,3,5,0.629,55.41
5.42,1,0,0.733,46.14
5.83,2,5,0.657,75.32
3.76,2,0,0.482,24.18
0.77,1,4,0.531,47.41
7.56,3,2,0.985,71.22
2.81,5,0,0.574,12.7
6.62,3,3,0.776,56.12
5.81,4,4,0.697,51.45
4.59,4,5,0.923,63.21
6.11,5,1,0.83,34.77
7.1,5,3,0.356,31.18
5.94,5,3,0.549,32.91
5.8,5,2,0.798,42.46
4.64,5,5,0.413,35.09
4.59,5,2,0.652,25.22
5.16,4,2,0.522,32.08
4.79,3,3,0.345,38.14
4.67,2,5,0.998,77.28
2.5,3,5,0.951,54.74
7.39,5,4,0.823,56.14
1.76,4,0,0.441,9.76
9.13,3,1,0.992,69.72
6.44,1,0,0.742,51.29
0.96,2,0,0.976,28.26
6.76,3,4,0.33,47.53
3.93,2,4,0.421,51.96
9.33,3,0,0.774,57.65
9.39,2,2,0.935,78.03
8.54,1,1,0.423,45.34
5.89,3,0,0.522,29.64
9.23,3,2,0.712,61.39
6.67,4,0,1.0,46.39
8.81,1,4,0.86,82.49
2.02,3,5,0.946,62.64
9.09,5,2,0.773,48.36
6.79,2,1,0.914,66.0
3.38,2,2,0.655,42.76
9.98,1,5,0.387,79.21
7.03,3,0,0.797,40.29
9.13,5,4,0.721,58.83
0.55,3,0,0.64,12.46
5.75,3,1,0.492,30.55
7.27,4,2,0.849,57.3
0.63,3,2,0.874,28.04
7.74,2,1,0.555,41.44
6.69,4,4,0.949,67.86
3.11,2,4,0.559,53.27
7.04,5,2,0.375,18.63
1.74,2,2,0.417,31.0
8.33,3,0,0.646,36.67
8.73,2,3,0.356,46.56
5.11,4,1,0.803,36.33
5.32,3,1,0.857,45.0
4.32,2,5,0.685,69.1
3.78,4,3,0.925,49.06
8.79,5,4,0.968,71.63
3.4,1,1,0.613,46.44
4.33,3,3,0.362,41.37
3.35,4,0,0.462,12.32
6.74,4,1,0.76,39.64
8.24,2,4,0.584,68.63
2.06,1,2,0.78,45.97
2.92,3,3,0.767,45.36
1.49,4,4,0.724,36.98
2.02,2,5,0.41,49.28
4.37,2,0,0.5,30.7
7.87,3,3,0.565,51.73
5.65,3,5,0.877,71.16
1.01,3,1,0.778,17.44
6.44,4,5,0.751,67.91
8.06,5,3,0.77,47.71
4.24,4,1,0.652,27.84
2.83,1,4,0.328,52.46
7.76,2,5,0.441,65.58
0.73,1,0,0.398,18.85
8.25,5,4,0.345,32.33
8.14,4,5,0.524,62.12
8.94,2,3,0.851,79.42
1.35,5,3,0.381,20.0
1.52,3,0,0.378,8.22
8.79,1,2,0.387,54.14
5.01,1,5,0.489,68.45
4.23,5,4,0.442,31.38
5.95,2,2,0.31,35.76
1.06,3,1,0.494,18.55
6.62,5,4,0.997,59.09
9.48,2,5,0.536,78.76
6.92,1,1,0.448,45.46
4.91,1,4,0.647,68.69
9.63,5,1,0.461,27.65
7.04,3,4,0.692,64.91
1.04,2,5,0.58,55.01
6.87,1,3,0.928,77.54
1.07,4,2,0.95,21.05
3.42,1,1,0.799,55.94
6.35,1,0,0.451,36.0
2.55,3,0,0.632,23.1
0.86,4,5,0.514,33.65
6.37,3,3,0.859,64.3
3.22,5,1,0.32,12.9
5.56,2,3,0.764,64.08
2.98,3,5,0.526,51.96
7.02,2,3,0.637,66.72
9.01,2,5,0.526,77.98
1.32,1,0,0.555,29.84
7.97,4,0,0.772,33.82
1.98,4,3,0.717,35.16
3.63,4,3,0.471,31.2
3.89,1,4,0.331,56.39
2.46,1,5,0.899,73.5
1.21,4,0,0.645,8.62
7.8,4,5,0.733,65.66
8.04,1,0,0.642,49.1
9.97,4,3,0.733,59.04
9.38,5,4,0.739,65.2
4.63,4,4,0.311,31.52
1.77,2,1,0.673,29.33
0.6,2,3,0.651,38.77
5.55,4,5,0.367,43.83
8.68,3,1,0.822,57.09
3.05,4,5,0.465,42.75
2.39,5,3,0.338,23.19
4.67,3,0,0.862,33.26
8.99,3,1,0.906,65.82
4.79,3,5,0.468,55.5
7.37,3,2,0.781,55.14
4.89,1,5,0.303,65.25
4.04,5,2,0.805,30.16
4.69,3,2,0.625,42.61
7.8,2,5,0.855,81.22
7.67,3,4,0.575,58.68
4.6,2,1,0.546,43.03
3.04,5,4,0.889,45.46
1.82,4,1,0.327,11.56
0.51,2,5,0.431,49.66
1.58,4,0,0.588,10.59
2.06,1,3,0.717,54.46
7.05,5,0,0.304,10.24
8.27,3,4,0.703,68.69
7.5,4,5,0.565,57.44
7.37,4,4,0.741,62.62
9.95,2,2,0.935,79.31
9.64,4,4,0.609,57.72
3.05,2,1,0.688,46.28
1.88,4,3,0.624,27.79
1.96,1,5,0.383,55.71
9.01,1,2,0.855,77.37
1.47,5,0,0.92,10.26
3.73,4,2,0.868,41.74
5.54,1,2,0.963,72.87
6.33,2,4,0.628,63.3
6.16,3,4,0.757,67.12
7.97,1,2,0.418,49.94
5.93,3,4,0.984,69.85
8.58,2,0,0.706,50.68
1.3,1,1,0.483,32.65
8.66,2,3,0.864,77.79
6.11,2,4,0.711,65.41
2.62,1,4,0.965,67.51
9.79,4,3,0.839,69.76
9.43,2,0,0.914,68.41
8.53,1,4,0.683,77.85
9.16,1,2,0.662,70.68
4.13,5,1,0.83,26.48
2.66,1,2,0.374,39.3
2.24,5,4,0.338,21.4
8.8,1,1,0.989,79.14
8.35,1,3,0.941,79.06
9.82,3,0,0.969,63.78
8.56,5,4,0.344,36.69
6.51,1,0,0.489,42.12
1.85,2,5,0.931,61.56
2.07,4,5,0.363,33.99
5.0,1,5,0.616,73.1
7.79,1,2,0.539,57.6
2.15,2,4,0.916,64.47
9.2,5,0,0.663,30.45
7.0,5,1,0.503,22.72
3.47,4,0,0.667,20.42
8.91,4,0,0.379,20.92
6.19,1,2,0.812,69.32
7.47,2,3,0.733,67.41
4.16,5,5,0.72,51.95
4.24,4,0,0.606,21.67
0.62,2,2,0.506,28.5
5.61,4,4,0.346,32.98
7.73,4,1,0.963,56.47
9.7,4,4,0.592,60.7
8.98,5,3,0.647,49.02
1.33,3,3,0.563,34.12
9.81,1,0,0.992,77.05
1.92,5,1,0.857,22.04
0.89,1,5,0.367,58.46
7.61,4,5,0.726,63.82
9.11,4,2,0.639,52.48
9.52,1,3,0.855,84.26
8.34,4,3,0.998,70.58
2.45,5,3,0.821,31.8
1.96,4,4,0.905,41.66
1.06,2,3,0.652,39.42
6.03,2,0,0.562,33.24
5.13,4,0,0.75,34.99
1.54,1,5,0.825,67.72
4.92,4,4,0.459,41.42
5.89,1,1,0.652,54.05
7.37,2,0,0.38,31.49
4.43,3,1,0.451,27.2
3.52,1,3,0.917,64.65
6.82,4,3,0.401,27.33
7.0,4,1,0.868,51.9
3.07,1,1,0.561,46.68
0.69,5,1,0.764,10.32
9.48,4,2,0.937,67.24
7.68,5,1,0.847,40.68
2.41,4,2,0.878,32.32
5.87,4,0,0.483,19.16
6.15,2,5,0.553,67.28
1.7,2,5,0.813,61.26
2.32,2,2,0.844,45.18
9.59,2,4,0.853,81.0
5.33,2,3,0.818,60.1
2.32,4,0,0.462,11.1
8.08,3,1,0.502,39.06
4.97,3,0,0.959,44.06
6.56,4,4,0.688,55.82
3.33,4,4,0.828,52.11
1.05,5,3,0.719,22.64
2.07,2,0,0.947,34.4
9.74,2,1,0.908,75.36
6.42,1,2,0.483,60.2
8.4,1,0,0.919,69.31
0.7,4,0,0.51,9.76
7.77,5,1,0.609,29.98
5.11,4,3,0.896,53.6
6.82,5,0,0.527,17.18
3.9,4,5,0.504,48.84
6.4,5,2,0.768,39.86
0.84,2,1,1.0,34.68
0.93,2,0,0.392,13.17
8.09,5,5,0.791,68.88
1.68,4,3,0.669,25.32
0.63,3,5,0.587,39.78
9.17,5,4,0.825,58.98
3.02,4,5,0.688,50.3
6.03,2,5,0.858,75.54
8.47,4,4,0.821,71.16
7.59,2,5,0.99,80.82
0.94,3,5,0.868,44.04
5.83,5,1,0.347,16.27
5.65,4,3,0.846,55.85
3.83,1,5,0.755,75.38
7.66,3,5,0.363,54.92
9.66,4,0,0.724,45.9
1.9,3,0,0.826,22.8
1.88,2,1,0.438,26.53
7.48,4,4,0.604,57.86
4.82,5,2,0.68,32.12
8.05,1,3,0.589,68.2
1.84,4,0,0.913,16.04
0.88,5,0,0.418,4.16
7.13,3,4,0.84,70.6
9.95,2,1,0.845,77.05
1.4,2,0,0.614,23.91
8.71,2,1,0.678,57.57
4.16,2,1,0.407,34.3
0.66,4,2,0.437,13.82
5.35,1,5,0.672,80.36
3.15,2,1,0.457,32.52
7.09,5,3,0.865,45.72
3.23,5,1,0.731,23.42
5.08,2,2,0.34,43.33
2.41,3,1,0.551,22.51
8.37,3,2,0.901,71.14
9.29,2,3,0.494,63.66
4.33,1,3,0.804,60.44
4.76,1,0,0.366,34.17
9.84,4,0,0.951,59.39
1.85,1,1,0.615,37.5
8.18,4,5,0.644,61.16
5.89,1,1,0.699,57.55
8.87,1,3,0.554,70.88
3.28,1,2,0.808,59.41
3.31,2,2,0.31,27.5
3.6,2,0,0.414,24.5
0.66,2,2,0.432,23.29
2.11,2,5,0.745,60.81
9.95,5,5,0.923,73.61
2.87,3,1,0.345,20.16
0.69,5,3,0.897,22.64
3.15,2,1,0.874,47.05
4.38,3,5,0.354,47.98
5.7,1,3,0.4,49.44
1.15,2,5,0.545,55.47
8.01,1,5,0.38,72.84
8.34,1,1,0.831,72.39
2.53,1,2,0.653,46.6
8.08,1,3,0.588,73.18
3.93,2,1,0.807,51.06
4.52,4,4,0.505,41.28
9.4,1,3,0.91,83.78
8.97,4,1,0.758,44.21
4.06,2,2,0.543,42.92
5.14,3,4,0.678,54.24
3.22,5,2,0.482,17.45
5.4,3,4,0.989,68.06
6.98,2,5,0.605,72.66
1.38,2,2,0.928,37.52
9.24,1,5,0.985,89.24
7.33,5,2,0.675,35.36
1.42,4,3,0.811,25.95
8.76,2,4,0.701,72.03
7.56,3,0,0.364,25.92
3.47,3,4,0.967,61.83
5.45,1,3,0.62,60.03
8.67,5,3,0.926,59.98
9.7,4,5,0.759,74.2
3.17,3,2,0.374,25.08
6.68,4,5,0.592,60.24
8.67,1,3,0.437,58.66
9.89,5,1,0.419,21.67
1.17,4,3,0.801,26.26
5.28,5,1,0.321,16.98
8.8,5,5,0.976,71.68
0.53,3,0,0.615,6.44
4.65,2,2,0.643,48.83
6.05,4,4,0.51,43.74
5.5,3,0,0.36,22.08
7.46,3,2,0.712,56.98
1.12,4,3,0.541,29.4
7.96,5,2,0.737,46.72
3.19,1,4,0.689,63.06
8.33,3,1,0.452,37.51
4.49,4,2,0.623,28.52
0.91,2,1,0.516,25.72
9.66,2,3,0.468,57.02
7.92,1,5,0.839,81.3
3.8,2,1,0.308,29.52
3.07,3,2,0.488,34.5
6.1,5,1,0.672,25.3
9.88,3,1,0.633,53.12
3.26,2,5,0.958,75.09
9.51,5,4,0.891,68.48
3.64,1,5,0.826,77.48
7.19,1,3,0.66,67.6
4.13,3,3,0.6,49.16
1.31,5,4,0.326,22.65
9.39,2,3,0.875,74.98
2.06,1,4,0.601,55.26
9.47,4,1,0.525,35.86
1.48,3,0,0.725,16.24
3.04,4,2,0.828,36.45
9.25,2,0,0.666,52.84
6.76,1,0,0.405,37.94
2.3,2,0,0.945,31.99
6.12,3,0,0.379,21.43
2.21,3,4,0.979,52.16
8.81,5,3,0.61,45.83
0.97,2,5,0.963,54.86
5.53,2,1,0.94,64.76
1.1,1,1,0.584,36.96
7.1,3,2,0.86,59.38
9.39,5,4,0.363,38.39
8.4,5,5,0.358,44.09
4.03,2,4,0.549,51.1
2.75,3,3,0.727,43.62
1.65,4,5,0.307,38.48
8.8,1,1,0.661,67.13
1.27,4,2,0.983,25.02
6.47,1,1,0.901,66.64
3.99,1,0,0.463,30.13
9.96,1,2,0.67,74.38
5.33,5,4,0.42,39.06
5.71,4,1,0.484,20.52
9.22,4,4,0.946,71.69
9.71,4,3,0.998,71.14
6.04,4,4,0.47,48.82
8.06,3,1,0.448,35.32
6.53,5,5,0.569,47.65
4.56,1,1,0.612,46.17
1.04,3,2,0.362,18.0
7.32,4,4,0.403,50.22
7.15,5,4,0.597,49.97
1.61,2,1,0.465,26.09
2.69,1,1,0.891,45.01
7.46,4,2,0.826,59.58
1.92,1,2,0.675,53.3
7.06,4,0,0.603,25.87
7.32,4,1,0.882,50.09
3.86,4,0,0.416,16.12
2.95,2,0,0.921,42.76
4.04,1,2,0.334,40.68
3.91,4,0,0.946,31.0
6.27,2,4,0.397,58.08
7.57,2,4,0.868,74.22
8.69,1,1,0.313,38.37
0.78,2,5,0.871,51.36
7.4,5,3,0.709,42.47
3.48,5,1,0.313,11.22
8.47,2,1,0.842,58.22
1.22,1,2,0.371,34.23
5.74,1,5,0.678,74.68
5.71,1,0,0.532,45.34
3.6,1,0,0.831,43.73
9.72,4,2,0.897,68.28
1.52,4,5,0.625,41.48
1.8,4,1,0.831,24.2
6.62,2,4,0.942,78.08
5.39,5,3,0.782,37.78
3.01,1,1,0.525,40.58
3.39,2,5,0.624,57.86
1.99,5,0,0.461,8.29
8.74,5,3,0.621,42.84
5.91,3,3,0.472,42.59
2.83,4,4,0.865,47.52
4.24,4,5,0.727,53.52
9.11,5,4,0.743,61.53
8.92,2,3,0.377,51.62
1.16,1,0,0.301,24.6
6.71,1,1,0.852,64.41
1.95,2,2,0.68,35.74
2.5,2,2,0.952,49.74
8.71,3,0,0.676,41.82
9.0,1,0,0.45,41.0
1.29,3,2,0.789,33.74
8.8,4,4,0.791,71.22
7.42,1,5,0.346,69.87
7.87,2,5,0.786,77.91
8.02,3,2,0.449,37.96
5.32,1,5,0.478,74.56
9.5,4,2,0.322,20.88
2.4,4,2,0.739,32.06
5.3,2,1,0.812,57.04
3.53,1,3,0.461,53.9
8.31,3,1,0.855,58.31
1.29,5,2,0.833,16.42
4.62,2,5,0.587,61.82
7.85,5,3,0.348,31.97
3.47,5,1,0.496,18.03
2.78,2,4,0.416,48.4
2.99,3,4,0.971,57.98
7.28,1,3,0.872,82.42
3.22,3,0,0.355,12.38
4.33,5,1,0.659,26.02
5.68,5,0,0.487,13.56
9.44,1,5,0.322,75.96
8.05,4,1,0.526,38.47
2.26,1,2,0.389,47.88
8.89,2,5,0.456,71.5
8.53,5,5,0.529,50.62
7.58,4,1,0.586,35.34
5.41,2,5,0.628,71.02
1.16,5,4,0.664,30.7
7.26,4,3,0.559,41.47
5.42,1,1,0.649,52.62
3.44,1,4,0.593,57.38
0.59,4,3,0.975,27.62
2.69,5,2,0.347,14.7
6.25,1,3,0.71,72.37
1.57,3,1,0.436,22.06
6.73,5,3,0.563,42.94
8.29,5,0,0.683,31.86
3.52,4,1,0.832,30.92
1.28,5,2,0.984,20.16
1.83,5,0,0.646,13.8
3.9,5,5,0.48,42.1
8.23,4,5,0.854,71.72
6.53,5,2,0.455,28.74
8.74,1,3,0.655,72.57
9.95,1,1,0.893,83.08
2.42,3,1,0.583,21.7
7.1,4,5,0.69,62.7
4.93,5,2,0.384,19.55
5.19,4,5,0.339,40.71
3.59,2,0,0.99,47.58
3.75,5,0,0.425,11.02
6.92,1,2,0.535,55.06
6.4,1,4,0.653,74.35
3.53,4,2,0.562,24.56
1.63,5,5,0.368,29.14
5.99,3,0,0.438,25.21
7.52,1,5,0.645,77.22
5.81,1,2,0.607,58.64
0.53,5,1,0.859,10.15
3.18,2,3,0.518,48.56
7.9,4,4,0.958,73.03
7.55,2,5,0.498,77.52
0.6,2,0,0.532,13.84
4.97,4,4,0.965,62.19
4.65,4,1,0.888,39.53
6.7,3,3,0.522,48.4
1.69,3,2,0.577,29.48
6.4,3,4,0.89,70.9
9.5,3,2,0.36,40.39
4.03,5,1,0.506,17.22
3.7,4,2,0.672,36.92
0.77,2,4,0.88,40.35
1.05,2,5,0.695,52.24
9.35,4,0,0.643,40.04
9.77,4,3,0.973,73.79
0.55,2,0,0.381,11.21
9.06,5,3,0.846,66.09
2.15,3,3,0.389,29.18
5.83,2,5,0.813,69.86
6.94,3,1,0.68,43.92
3.91,1,4,0.485,57.74
5.53,4,4,0.68,50.09
6.46,5,3,0.916,53.61
2.34,5,3,0.631,25.43
9.95,3,3,0.305,43.93
2.44,2,0,0.34,17.64
0.6,3,4,0.743,35.22
9.47,1,2,0.775,73.85
4.58,4,0,0.581,22.58
4.29,3,3,0.47,36.57
3.12,1,5,0.801,75.4
0.75,3,4,0.513,32.3
3.01,4,1,0.352,18.27
4.24,2,4,0.587,55.82
5.44,3,5,0.677,59.66
4.85,5,1,0.976,34.15
8.85,4,3,0.715,60.46
9.16,4,5,0.446,58.48
3.51,3,0,0.883,37.83
9.62,3,2,0.504,45.48
8.72,3,2,0.971,69.52
9.31,3,0,0.528,37.39
7.21,1,1,0.937,73.68
2.38,1,3,0.915,60.88
2.35,5,1,0.905,21.64
9.13,3,1,0.328,31.49
5.32,3,1,0.895,49.17
8.96,3,0,0.805,50.32
7.35,3,3,0.534,49.04
2.52,5,1,0.643,18.26
4.16,3,3,0.748,53.06
9.69,3,4,0.96,77.18
0.69,3,2,0.846,31.6
7.29,1,5,0.6,76.42
9.8,1,1,0.752,73.08
1.49,1,5,0.43,60.29
3.08,2,1,0.597,37.48
5.7,1,1,0.854,67.45
8.52,2,5,0.725,78.82
5.31,5,2,0.848,37.02
1.07,2,4,0.657,48.08
1.71,4,4,0.566,32.66
4.07,2,2,0.82,47.36
3.56,5,1,0.366,14.99
2.59,4,2,0.985,31.26
8.48,5,2,0.964,57.91
0.76,2,2,0.916,40.12
8.38,1,1,0.919,71.19
9.26,2,5,0.658,76.7
6.49,4,3,0.649,51.27
6.44,4,4,0.874,69.18
1.92,4,3,0.498,26.02
5.9,5,2,0.895,46.04
4.06,2,1,0.441,35.2
2.68,3,5,0.915,70.18
6.04,3,0,0.679,33.03
0.51,1,1,0.89,33.61
3.13,4,4,0.645,42.88
6.73,1,3,0.726,71.46
4.82,5,3,0.949,45.84
1.88,1,0,0.593,24.38
0.51,1,1,0.454,21.9
3.07,1,3,0.364,44.64
5.72,5,1,0.713,29.16
5.58,5,2,0.728,34.44
1.75,5,5,0.734,36.46
6.33,5,3,0.326,23.53
9.99,5,3,0.319,29.9
6.06,3,1,0.927,55.11
5.51,1,3,0.787,72.35
6.42,3,5,0.379,51.76
8.86,2,3,0.352,45.78
9.49,2,4,0.413,56.1
0.89,4,5,0.865,40.57
2.45,1,5,0.806,72.52
1.6,2,2,0.747,39.29
7.84,2,1,0.749,56.67
0.93,1,1,0.901,38.21
9.08,4,4,0.533,58.7
0.7,4,2,0.526,14.4
6.22,3,4,0.598,57.12
3.12,1,4,0.993,72.54
4.97,4,3,0.688,43.4
4.7,3,0,0.683,34.97
7.61,2,4,0.867,80.96
5.22,5,1,0.425,18.18
4.5,5,3,0.584,34.4
7.44,3,1,0.749,51.14
9.3,3,0,0.992,60.07
8.04,5,3,0.408,35.26
7.5,1,2,0.616,65.95
5.13,3,3,0.934,69.58
9.05,3,2,0.808,59.44
5.12,2,2,0.73,57.53
9.34,2,0,0.48,40.48
8.13,1,1,0.431,53.0
1.93,2,5,0.562,51.22
0.95,2,4,0.479,42.12
7.54,5,2,0.866,52.02
7.02,2,0,0.804,47.7
6.22,1,5,0.885,73.78
9.77,5,4,0.42,40.88
5.68,2,0,0.517,36.79
3.81,5,1,0.838,26.09
5.87,1,1,0.414,42.71
0.77,1,5,0.402,55.24
6.0,5,5,0.568,49.83
9.07,1,2,0.431,56.4
0.54,1,1,0.355,23.21
8.53,4,3,0.519,49.28
8.12,2,1,0.913,65.04
1.51,3,0,0.34,6.33
8.54,3,1,0.696,52.55
7.75,2,1,0.694,54.92
5.16,3,0,0.672,33.65
2.83,2,4,0.654,52.04
3.24,2,2,0.312,28.04
6.32,2,3,0.333,45.46
2.84,1,3,0.658,55.96
3.59,3,4,0.978,61.48
9.34,3,4,0.586,65.39
7.43,1,3,0.631,67.92
7.49,3,5,0.987,77.07
9.58,4,3,0.845,65.4
0.56,1,0,0.839,23.8
2.82,2,5,0.653,62.58
6.75,5,4,0.929,60.83
4.66,3,2,0.707,44.42
1.57,1,2,0.76,41.54
7.92,3,5,0.851,75.55
0.95,3,2,0.585,28.7
5.67,2,2,0.967,71.84
5.84,1,4,0.992,78.46
6.54,5,1,0.711,31.96
3.5,5,2,0.455,19.44
0.72,4,4,0.842,27.64
8.95,1,1,0.525,52.76
9.33,5,0,0.704,31.91
5.08,3,2,0.361,29.33
0.7,3,1,0.865,18.19
6.02,5,2,0.971,44.84
3.5,3,0,0.366,14.04
2.23,2,3,0.812,44.6
2.11,2,3,0.903,48.17
2.2,5,1,0.377,12.62
3.64,3,3,0.473,34.1
3.17,3,0,0.574,23.87
8.45,3,0,0.886,45.61
5.21,2,2,0.645,54.04
4.56,3,0,0.396,27.34
1.89,5,5,0.479,31.86
8.82,1,1,0.627,59.18
1.02,5,2,0.327,10.7
2.78,2,1,0.742,38.27
6.4,2,2,0.318,37.5
7.17,1,0,0.847,61.32
8.11,4,5,0.814,72.01
4.4,2,1,0.906,48.43
3.79,3,2,0.41,33.02
3.24,3,5,0.722,55.19
5.9,4,2,0.847,46.5
3.81,5,4,0.661,37.12
3.62,3,0,0.392,17.77
0.66,1,1,0.369,28.88
9.51,4,4,0.724,68.07
1.08,1,1,0.648,33.64
3.07,5,2,0.951,32.37
9.25,2,0,0.884,66.43
7.49,4,3,0.807,58.09
5.99,1,2,0.988,75.44
6.78,3,5,0.786,73.24
1.42,4,2,0.365,21.08
8.18,4,4,0.354,44.62
2.88,1,5,0.871,72.58
9.58,1,5,0.552,84.06
2.7,5,4,0.947,42.84
6.44,3,3,0.383,44.32
5.68,5,2,0.439,23.35
1.86,1,0,0.841,36.62
3.95,3,0,0.893,30.95
7.92,3,2,0.907,65.9
2.52,5,3,0.369,18.36
9.65,4,0,0.567,29.86
3.31,4,5,0.752,51.68
6.45,2,5,0.943,75.32
6.38,5,0,0.467,16.82
4.97,2,0,0.72,36.82
6.73,2,5,0.4,60.27
7.56,4,1,0.823,48.33
6.38,5,1,0.389,19.08
5.82,5,1,1.0,39.78
6.26,1,4,0.365,59.69
4.32,5,0,0.78,21.58
1.17,2,1,0.844,32.33
2.02,2,2,0.481,33.82
6.26,5,3,0.478,33.43
9.31,5,5,0.717,61.67
0.74,2,1,0.741,22.52
5.67,1,1,0.804,58.89
2.89,2,3,0.706,55.3
5.84,3,2,0.422,41.54
7.62,1,3,0.947,76.12
7.49,2,1,0.417,40.44
7.39,1,3,0.696,72.25
7.9,5,5,0.944,68.01
1.19,2,4,0.939,50.43
5.34,2,4,0.418,52.82
2.99,3,0,0.467,22.2
9.25,1,5,0.721,87.84
7.94,3,4,0.536,63.78
1.52,5,3,0.812,25.7
2.81,5,0,0.666,16.62
4.82,2,3,0.486,51.28
9.65,1,4,0.588,81.33
1.54,4,3,0.784,30.05
5.9,5,0,0.85,29.76
3.74,5,0,0.559,15.22
6.64,3,2,0.373,34.6
6.66,3,4,0.547,50.07
2.79,4,2,0.741,35.74
7.97,4,4,0.832,65.1
1.37,4,5,0.916,45.72
8.27,2,5,0.973,83.28
2.51,5,3,0.671,24.87
6.1,1,4,0.916,77.05
3.8,1,0,0.483,33.3
6.29,4,0,0.692,33.47
3.04,3,4,0.678,45.98
5.91,3,4,0.838,68.36
0.58,5,1,0.841,12.54
4.06,5,3,0.5,29.36
8.35,4,1,0.92,56.36
4.9,1,0,0.924,54.46
5.24,1,2,0.964,68.54
6.4,1,2,0.62,62.94
4.62,4,4,0.991,65.59
8.74,4,5,0.849,72.22
4.33,4,5,0.757,51.68
9.45,1,0,0.603,57.84
8.83,2,5,0.89,86.78
4.5,2,3,0.835,65.98
3.98,4,1,0.71,26.5
6.93,1,3,0.998,78.43
7.68,5,0,0.475,18.98
2.27,1,2,0.749,48.52
2.79,3,4,0.525,45.24
1.89,5,5,0.62,39.4
7.73,1,1,0.537,52.46
7.29,4,1,0.534,35.02
2.3,3,3,0.564,39.66
5.6,5,0,0.34,12.0
7.76,3,5,0.328,51.18
9.5,5,1,0.807,46.04
2.2,3,1,0.518,21.86
3.39,1,1,0.315,32.21
3.81,4,2,0.357,21.9
6.44,5,4,0.437,30.85
1.8,3,5,0.334,43.73
2.34,5,4,0.962,39.16
7.91,5,3,0.698,48.04
5.65,4,1,0.576,25.52
2.02,4,5,0.673,48.3
4.19,3,5,0.379,50.08
1.78,5,3,0.791,26.1
3.95,2,4,0.979,72.22
4.3,3,1,0.391,22.26
1.57,1,2,0.407,37.14
1.07,1,4,0.74,51.88
8.88,3,2,0.406,39.44
8.93,4,4,0.388,46.84
0.52,1,5,0.769,58.49
6.59,1,5,0.733,84.66
1.39,1,1,0.452,33.75
8.2,3,2,0.876,71.82
8.86,2,2,0.374,46.04
6.36,1,3,0.533,57.95
6.32,4,4,0.817,59.12
4.03,3,1,0.73,35.22
2.87,1,1,0.72,41.94
5.24,4,1,0.78,31.34
1.77,5,4,0.753,30.17
6.89,3,5,0.912,74.69
4.97,5,0,0.698,20.82
2.19,3,5,0.581,47.71
6.09,1,0,0.836,58.74
8.06,1,3,0.481,59.22
6.09,1,0,0.832,53.22
5.53,2,5,0.496,61.03
8.55,2,4,0.636,74.18
0.6,3,2,0.817,25.2
6.36,3,4,0.739,66.28
4.39,5,5,0.36,34.11
2.34,1,1,0.613,40.98
9.81,5,3,0.868,64.87
4.34,2,1,0.998,55.86
3.68,5,4,0.627,35.66
2.11,1,3,0.36,46.58
9.98,1,4,0.556,76.73
8.63,1,3,0.643,72.25
1.16,2,3,0.351,36.5
5.87,5,0,0.905,29.38
1.9,3,5,0.677,46.8
7.3,1,1,0.591,54.72
5.1,4,2,0.578,30.07
1.55,3,3,0.32,29.56
5.79,4,5,0.663,61.17
9.15,4,3,0.633,56.88
3.74,4,1,0.542,23.44
0.98,1,1,0.761,33.06
9.48,3,1,0.588,43.95
1.85,4,3,0.7,31.68
5.01,3,4,0.92,68.09
5.67,5,4,0.555,40.58
2.75,5,4,0.579,29.56
2.19,5,4,0.906,37.64
1.57,2,5,0.551,54.99
1.16,3,5,0.608,47.83
5.33,5,1,0.861,36.75
8.5,2,1,0.714,56.69
1.7,4,0,0.954,22.59
7.16,2,1,0.629,52.77
4.42,1,3,0.635,59.14
0.83,2,3,0.33,27.73
5.59,5,5,0.438,39.81
2.89,5,3,0.678,31.24
6.25,5,5,0.431,41.3
3.82,2,3,0.618,54.5
6.83,4,5,0.498,57.74
9.23,2,4,0.315,54.76
2.82,1,2,0.633,49.7
9.43,2,5,0.752,81.09
2.44,1,5,0.537,59.04
1.17,4,1,0.844,16.45
2.33,4,1,0.402,11.29
8.24,1,0,0.364,44.7
6.94,1,5,0.954,81.32
9.72,3,2,0.945,74.96
7.24,1,3,0.585,68.78
4.42,5,1,0.594,22.93
8.98,3,2,0.896,69.2
9.6,3,2,0.671,61.7
8.02,1,3,0.382,58.72
5.79,4,1,0.38,21.24
8.34,4,4,0.392,44.73
2.2,4,2,0.847,28.16
9.05,3,1,0.721,52.52
10.0,2,0,0.51,37.75
6.82,1,0,0.413,39.28
2.36,2,1,0.386,28.33
1.87,3,4,0.819,42.04
9.61,1,5,0.92,91.34
8.78,1,5,0.672,78.14
7.61,2,1,0.841,60.83
9.52,1,3,0.498,66.75
5.28,1,1,0.71,62.98
8.93,3,0,0.607,43.03
2.05,4,3,0.361,23.16
2.24,3,3,0.641,38.69
5.37,1,4,0.893,79.14
3.66,2,0,0.336,24.74
4.61,1,4,0.634,64.3
8.08,4,1,0.911,54.58
1.01,2,1,0.853,28.11
7.35,2,0,0.645,41.3
1.34,5,1,0.42,11.27
8.55,3,2,0.894,64.9
2.42,4,1,0.407,13.0
7.48,2,1,0.494,39.94
6.12,5,3,0.387,27.03
4.16,4,0,0.621,23.66
3.04,3,5,0.74,57.05
1.05,3,1,0.879,23.58
3.86,4,4,0.623,44.46
2.41,1,3,0.98,66.6
1.79,2,4,0.717,51.36
7.52,4,1,0.723,43.77
2.52,3,1,0.423,21.16
2.62,4,0,0.433,11.03
3.73,3,1,0.704,36.53
4.9,1,3,0.805,71.34
5.38,4,3,0.443,32.06
6.81,4,4,0.639,52.55
6.09,2,5,0.549,70.76
5.08,4,4,0.607,50.6
4.24,2,2,0.455,41.1
3.02,1,2,0.399,42.82
7.24,1,5,0.524,79.58
3.52,5,4,0.908,47.5
8.57,2,2,0.864,76.7
6.07,3,4,0.371,46.83
6.52,2,0,0.361,25.42
5.33,4,4,0.645,45.74
9.32,4,5,0.494,60.98
4.51,5,3,0.876,44.29
4.56,5,3,0.64,32.26
8.98,5,0,0.897,45.16
6.25,2,3,0.376,47.85
4.77,3,1,0.979,47.58
2.99,2,5,0.837,64.87
2.83,4,1,0.812,28.33
8.11,4,1,0.958,62.36
3.15,2,2,0.629,41.94
0.55,5,4,0.404,18.82
0.68,2,5,0.648,54.84
9.79,5,2,0.871,52.32
5.82,5,1,0.902,33.96
5.15,1,4,0.642,73.4
9.22,2,3,0.813,74.14
3.84,2,2,0.473,37.78
8.05,5,5,0.461,49.8
7.36,4,2,0.71,47.18
5.03,1,3,0.595,60.86
7.86,5,5,0.413,43.89
9.67,2,1,0.833,64.76
2.41,2,5,0.673,62.36
0.67,1,5,0.664,60.13
8.3,1,2,0.433,53.23
4.33,3,2,0.469,35.7
5.67,1,0,0.785,50.55
2.61,1,0,0.896,44.12
8.5,4,5,0.424,47.97
7.35,2,2,0.869,70.19
9.56,4,4,0.852,68.86
5.01,5,1,0.87,33.38
9.78,1,1,0.707,71.88
5.35,4,4,0.546,39.4
6.4,1,3,0.84,73.76
6.9,4,1,0.636,34.3
5.15,2,0,0.455,30.44
5.85,1,4,0.582,65.96
2.62,2,0,0.62,29.94
3.94,2,0,0.654,33.97
7.17,4,1,0.928,48.93
0.87,4,5,0.588,36.44
7.15,4,3,0.499,43.76
3.39,1,0,0.974,51.58
3.08,5,5,0.469,37.69
7.09,3,5,0.308,52.3
2.54,1,4,0.895,72.38
9.64,5,0,0.968,52.43
9.91,4,0,0.777,43.74
4.85,1,5,0.585,75.1
4.31,3,4,0.681,54.98
1.25,5,4,0.882,29.24
7.89,4,2,0.92,55.84
2.05,1,3,0.372,42.78
9.36,4,1,0.908,53.72
9.91,1,0,0.732,66.22
1.66,2,1,0.323,33.56
6.99,1,3,0.376,49.59
4.93,4,2,0.332,23.56
5.64,5,3,0.964,52.35
2.21,1,2,0.599,42.55
7.37,4,3,0.801,59.37
2.08,2,5,0.301,52.15
8.91,4,3,0.855,66.35
4.81,1,5,0.637,75.94
6.53,2,5,0.947,79.36
9.26,2,3,0.665,72.88
7.51,5,5,0.852,65.72
5.64,1,1,0.741,54.61
4.33,3,3,0.664,58.76
4.89,1,0,0.964,57.98
3.75,3,0,0.647,27.88
9.49,4,0,0.925,50.62
2.9,4,0,0.325,10.06
4.39,1,2,0.76,61.08
7.89,4,4,0.938,64.69
3.96,2,5,0.929,70.54
8.92,4,5,0.64,64.53
2.81,5,1,0.63,21.13
0.8,1,2,0.867,39.17
6.47,2,2,0.535,50.48
5.33,5,0,0.956,34.66
9.36,1,0,0.475,44.52
4.52,2,2,0.352,34.63
1.79,3,5,0.84,53.18
3.63,5,2,0.583,23.12
4.24,2,2,0.549,42.19
6.04,2,5,0.525,69.09
3.11,4,2,0.986,44.43
5.73,1,4,0.7,73.41
9.13,2,5,0.994,85.24
4.53,2,0,0.541,27.33
6.69,3,3,0.59,50.55
2.67,3,2,0.448,30.7
8.11,2,0,0.601,42.92
3.06,2,0,0.343,20.96
6.01,5,3,0.3,21.91
3.35,5,3,0.617,27.69
1.14,5,3,0.822,20.84
3.54,4,4,0.606,43.69
2.51,3,4,0.663,51.74
8.98,2,0,0.612,46.77
3.03,1,0,0.669,36.78
9.76,3,2,0.843,68.72
5.18,3,3,0.863,58.99
2.6,4,5,0.887,56.8
4.22,1,5,0.449,66.64
2.24,5,4,0.62,35.64
8.42,1,1,0.882,73.04
1.64,2,3,0.959,49.94
8.8,2,0,0.68,51.85
0.94,5,2,0.645,16.27
3.35,4,0,0.835,22.83
1.83,1,5,0.994,72.16
7.01,5,2,0.598,35.54
5.37,4,4,0.416,40.42
9.42,1,0,0.884,74.57
3.98,4,5,0.797,53.7
0.89,1,3,0.402,39.94
7.74,3,0,0.526,26.66
6.01,1,2,0.687,59.26
8.36,1,1,0.812,66.63
4.55,3,0,0.846,34.3
7.51,4,0,0.409,16.58
2.13,3,4,0.452,40.18
10.0,2,5,0.821,81.86
2.15,3,3,0.381,38.94
8.38,1,4,0.649,75.86
2.52,1,0,0.682,39.3
7.93,1,1,0.538,55.09
8.68,1,0,0.857,66.87
8.83,4,5,0.339,50.42
5.02,4,4,0.844,51.87
4.57,1,5,0.752,74.5
8.42,3,5,0.655,76.04
6.01,3,1,0.911,46.26
6.4,1,3,0.442,58.3
2.74,5,3,0.861,36.18
4.74,5,4,0.431,39.79
4.01,4,4,0.993,55.07
6.82,5,2,0.323,22.62
2.37,3,0,0.687,23.49
4.35,5,5,0.418,32.76
8.56,3,4,0.586,57.28
5.69,1,5,0.404,68.52
9.01,1,1,0.436,48.35
2.71,5,0,0.343,5.41
4.68,3,5,0.306,44.9
5.25,4,4,0.804,52.2
4.31,1,5,0.617,70.19
7.0,3,2,0.332,36.84
1.91,1,5,0.957,65.28
5.43,2,1,0.766,52.78
1.82,1,4,0.485,60.96
6.48,2,2,0.607,50.05
8.39,4,0,0.642,28.24
0.69,1,4,0.699,53.42
4.84,1,2,0.9,67.4
5.18,4,0,0.713,26.06
7.34,1,4,0.985,87.18
1.21,3,4,0.809,40.74
4.36,5,1,0.992,29.2
7.96,4,5,0.686,67.67
5.56,1,4,0.775,75.78
7.62,1,0,0.817,67.7
3.96,4,2,0.828,39.77
9.24,2,5,0.317,58.12
1.23,3,1,0.389,19.77
1.37,3,5,0.459,46.34
5.52,3,3,0.49,44.3
4.97,3,4,0.934,68.11
6.57,1,4,0.806,78.6
2.68,1,3,0.4,43.02
2.65,1,3,0.598,56.31
7.62,2,3,0.47,56.44
3.27,5,3,0.881,38.42
7.41,5,4,0.942,67.39
6.59,3,2,0.415,35.26
1.29,1,2,0.592,44.78
7.26,1,4,0.967,80.16
8.86,5,4,0.76,60.01
8.26,2,3,0.908,77.68
0.58,5,2,0.55,9.36
5.63,3,3,0.447,43.16
9.18,5,3,0.784,57.38
6.19,1,2,0.396,47.3
3.26,5,1,0.888,29.06
2.35,3,3,0.828,45.29
7.01,3,2,0.513,40.43
7.83,3,0,0.649,35.34
9.17,2,5,0.859,83.66
9.1,4,4,0.954,73.9
3.72,4,0,0.547,21.78
6.24,5,1,0.853,36.96
1.46,5,3,0.436,17.68
1.4,3,5,0.932,58.98
1.18,4,2,0.78,22.22
9.31,5,4,0.407,42.54
1.95,1,0,0.818,38.43
5.08,3,3,0.807,65.79
4.61,4,4,0.82,58.0
3.59,3,5,0.541,52.3
5.61,1,1,0.818,62.18
0.53,4,4,0.879,29.65
4.11,3,0,0.543,20.72
5.05,4,0,0.446,14.83
8.13,1,5,0.922,87.82
7.16,1,4,0.734,78.2
8.57,4,1,0.622,35.75
4.07,5,5,0.916,57.64
1.84,4,5,0.395,41.43
4.31,5,0,0.867,24.9
9.65,5,0,0.644,30.68
2.54,2,1,0.33,24.85
2.16,1,4,0.981,66.1
9.47,3,3,0.845,72.91
9.52,4,3,0.45,44.11
1.92,4,2,0.947,31.3
7.81,3,2,0.955,65.02
4.58,5,3,0.86,44.91
5.18,5,0,0.389,13.67
5.24,3,3,0.43,35.46
9.7,3,1,0.828,61.64
2.25,1,4,0.94,72.19
7.84,4,1,0.451,26.54
0.55,4,0,0.623,8.98
6.47,5,2,0.408,25.12
6.7,1,2,0.635,64.32
7.66,1,3,0.75,74.46
9.3,4,5,0.313,49.7
7.66,3,4,0.75,65.76
7.46,3,2,0.748,57.1
2.91,3,4,0.619,45.02
9.93,4,3,0.927,71.9
4.95,4,1,0.394,18.07
4.47,1,0,0.336,30.08
5.27,4,0,0.647,26.02
4.24,3,1,0.673,29.13
6.14,3,4,0.487,50.5
3.82,4,2,0.973,44.86
2.78,4,2,0.478,27.52
9.32,2,2,0.489,50.96
9.31,1,1,0.868,76.06
5.21,1,4,0.946,75.5
9.64,5,0,0.675,28.94
4.45,2,3,0.313,48.56
4.18,2,5,0.549,61.53
9.21,5,5,0.457,47.56
6.51,2,2,0.658,56.46
7.74,3,5,0.778,73.66
4.42,2,1,0.575,38.08
4.37,4,1,0.676,24.37
1.29,3,2,0.832,26.48
9.68,3,0,0.472,37.38
2.67,3,1,0.437,16.24
5.2,5,5,0.864,61.87
1.59,3,4,0.326,34.74
6.65,3,1,0.405,25.04
4.21,5,1,0.309,13.52
7.79,1,2,0.689,66.21
5.52,5,0,0.72,23.9
1.73,1,0,0.672,30.72
0.6,2,5,0.59,53.12
2.52,1,4,0.67,55.28
7.38,3,4,0.436,54.18
8.37,5,1,0.878,45.68
3.74,2,5,0.987,72.84
5.59,4,1,0.678,33.32
2.78,2,5,0.562,59.98
8.86,4,3,0.854,63.9
9.67,5,1,0.435,24.96
7.65,4,4,0.525,49.08
1.34,2,2,0.958,42.4
4.65,5,1,0.43,16.7
9.91,1,4,0.378,75.13
2.68,5,4,0.682,33.42
6.87,5,3,0.711,48.58
9.42,4,2,0.718,51.06
7.85,4,1,0.415,25.52
6.28,2,2,0.805,63.48
5.31,3,5,0.47,53.02
9.32,1,2,0.964,83.94
4.25,2,5,0.46,60.58
9.06,3,0,0.312,23.72
4.6,2,0,0.697,30.69
7.69,4,1,0.442,28.13
9.2,5,0,0.74,36.9
5.73,3,5,0.46,57.58
3.44,2,2,0.6,48.0
0.98,2,0,0.426,14.18
8.19,3,3,0.6,57.42
6.41,4,5,0.396,46.97
3.0,1,5,0.537,65.03
8.84,3,0,0.439,34.08
9.24,3,4,0.871,78.18
8.93,2,2,0.811,75.1
6.21,2,5,0.417,61.64
9.78,5,3,0.358,32.02
8.81,3,4,0.318,49.98
1.49,3,5,0.459,49.55
9.82,1,5,0.636,79.97
5.71,2,0,0.58,32.11
9.24,2,4,0.98,80.86
7.72,2,0,0.855,55.54
6.65,5,5,0.355,35.74
3.6,3,3,0.411,44.78
0.76,5,1,0.319,8.38
3.13,3,1,0.397,22.03
7.02,4,5,0.671,58.33
8.7,1,3,0.354,61.28
0.52,5,1,0.342,6.44
2.48,4,4,0.383,31.6
6.89,1,4,0.769,77.54
3.19,4,0,0.314,9.58
1.85,3,1,0.979,30.81
1.28,1,5,0.567,55.39
6.56,5,2,0.536,28.61
6.15,3,0,0.632,30.93
8.66,4,3,0.663,59.24
3.49,3,5,0.594,59.82
1.8,1,3,0.64,53.72
8.09,2,5,0.538,69.74
9.89,4,0,0.525,34.19
3.92,2,4,0.319,44.28
8.72,5,3,0.77,65.31
7.74,2,5,0.732,80.76
9.16,3,3,0.768,75.38
4.53,3,4,0.959,68.46
1.46,1,0,0.631,29.82
1.62,5,0,0.917,12.85
7.75,1,4,0.611,75.86
8.7,3,0,0.634,35.9
4.84,5,5,0.743,50.49
1.07,5,0,0.451,8.06
1.13,2,4,0.452,46.0
6.19,2,2,0.657,51.16
9.23,3,3,0.348,42.39
4.3,4,3,0.466,35.58
6.68,2,2,0.855,68.46
5.65,3,2,0.625,50.04
8.95,5,3,0.319,31.07
8.41,4,4,0.343,44.14
2.39,5,4,0.944,37.3
6.94,5,2,0.97,52.18
8.55,5,2,0.749,45.24
9.34,3,0,0.429,29.71
6.1,5,4,0.558,45.41
2.17,3,1,0.514,23.42
5.8,4,2,0.85,51.46
6.83,5,5,0.676,58.19
3.09,1,4,0.846,66.33
9.74,5,2,0.552,39.83
2.68,5,2,0.909,29.66
9.16,5,1,0.6,33.57
4.54,4,3,0.592,40.44
0.51,1,0,0.642,17.92
5.66,2,5,0.714,69.72
6.47,1,5,0.926,88.08
8.76,4,1,0.62,39.58
5.64,3,1,0.951,48.21
1.39,3,3,0.576,34.46
9.3,4,3,0.527,47.0
5.87,5,3,0.507,30.86
3.08,1,0,0.315,30.04
9.04,5,4,0.894,71.47
1.65,2,0,0.355,18.0
1.43,4,2,0.534,19.8
5.58,3,4,0.475,51.77
6.44,3,5,0.821,71.58
5.35,2,3,0.953,66.18
9.33,1,0,0.872,76.56
3.0,4,4,0.524,39.93
9.91,2,0,0.619,51.82
0.68,2,1,0.473,18.1
1.63,1,0,0.947,41.44
2.26,5,5,0.383,31.24
1.26,2,2,0.966,36.48
4.66,2,3,0.87,62.15
8.72,2,4,0.798,79.54
8.3,3,5,0.842,77.53
7.58,3,5,0.538,62.56
0.57,3,0,0.507,8.09
8.72,2,2,0.567,58.62
4.27,2,2,0.427,38.97
7.45,5,4,0.822,60.1
7.41,3,2,0.633,57.54
2.19,5,1,0.92,21.54
5.4,5,4,0.915,56.86
9.3,4,2,0.409,34.41
3.0,3,4,0.453,39.06
7.29,5,2,0.587,31.24
9.6,1,2,0.383,60.13
3.93,3,0,0.783,35.04
4.18,4,0,0.816,28.47
4.8,1,0,0.805,51.43
8.19,1,1,0.629,58.8
4.67,1,2,0.89,65.3
5.12,3,0,0.724,31.64
2.61,3,0,0.996,32.22
9.89,3,5,0.871,78.68
8.98,1,5,0.806,84.54
6.2,3,1,0.386,32.88
9.63,5,5,0.883,74.4
7.03,1,0,0.514,41.1
9.61,4,0,0.593,39.06
2.03,2,2,0.624,35.4
2.64,1,1,0.532,41.28
8.91,1,0,0.376,40.48
4.49,1,5,0.44,66.75
4.03,3,5,0.862,68.03
7.67,3,1,0.757,50.92
6.49,4,1,0.96,49.46
3.77,1,4,0.875,69.76
4.28,4,5,0.582,52.18
4.38,4,1,0.85,34.18
1.7,1,4,0.704,53.2
2.68,4,0,0.5,13.72
5.61,1,3,0.983,76.06
7.93,3,5,0.95,74.98
4.48,4,2,0.379,26.41
4.14,5,3,0.888,41.64
6.68,3,4,0.354,50.52
1.99,3,3,0.95,47.94
4.12,5,4,0.737,49.03
2.48,2,5,0.417,46.32
6.69,2,0,0.872,53.54
1.57,3,5,0.661,55.32
4.75,1,5,0.342,61.5
6.16,1,5,0.859,82.88
8.42,2,2,0.852,74.85
7.38,1,3,0.637,62.95
9.46,4,2,0.812,57.96
6.96,3,5,0.328,55.74
3.82,3,2,0.523,31.56
